id,conversation_id,user_query,agent_reply,all expterts response,rouge
1,1,"Hi, I'm looking to get motor insurance for my new electric vehicle. It's a 2024 Tesla Model 3.","Great choice! The Tesla Model 3 is an excellent vehicle. Since you've opted for an EV, are you particularly interested in coverage specific to electric vehicles, like battery protection?","Thank you for your great choice! The Tesla Model 3 is indeed an excellent vehicle. Since you've opted for an electric vehicle, would you be particularly interested in coverage options that specifically address the needs of EVs, such as battery protection? We want to make sure you have the best possible coverage tailored to your unique needs.",0.6136363636363636
2,1,"Yes, battery protection is definitely a concern. It's a big investment, and I want to make sure it's covered.","Absolutely. The battery is the heart of your Tesla. With Tata AIG, you get rapid claims resolution combining thorough coverage with rapid claims resolution. It integrates technology with traditional risk management practices, ensuring that claims are processed quickly and effectively.","Thank you for your interest in your Tesla. The battery is indeed crucial as it powers the vehicle and ensures its performance. With Tata AIG, you benefit from comprehensive coverage and a seamless claims process that combines the latest technology with efficient risk management practices. This means your claims will be resolved quickly, giving you peace of mind knowing your Tesla is protected. If you have any questions or need further details, feel free to ask! : Thank you for your interest in your Tesla. The battery",0.4126984126984127
3,1,What kind of coverage options do you have specifically for EVs?,"We offer a comprehensive plan that includes coverage for accidental damage, theft, and third-party liability. More importantly, we offer add-ons like Zero Depreciation Cover and Engine & Gearbox Protection. And our online policy management system makes everything simple for someone like you.",": We’re glad to provide you with detailed information about our comprehensive plan. This plan covers essential aspects such as accidental damage, theft, and third party liability. Additionally, we offer valuable add ons like Zero Depreciation Cover and Engine & Gearbox Protection to further safeguard your interests. Our online policy management system ensures that managing your coverage is straightforward and convenient. If you have any more questions or need further clarification, feel free to ask! We’re here to help make things simple for you.",0.5511811023622047
4,1,"Okay, that sounds pretty good. Can you give me a quote?","Sure. For a 2024 Tesla Model 3 with comprehensive coverage including battery protection and roadside assistance, the annual premium would be approximately $2800. This includes a discount for purchasing the policy online.","Certainly! If you have any questions about your 2024 Tesla Model 3 policy or need further details, feel free to ask. Your annual premium, which covers comprehensive coverage including battery protection and roadside assistance, amounts to approximately $2800. And remember, you can get a discount by purchasing the policy online. Let me know if you need any more information!",0.4835164835164835
5,1,That's within my budget. What's the claim process like if I need to use it?,"The claim process is designed to be as smooth and hassle-free as possible. Accidents are unpredictable, but the financial stress doesn’t have to be. We offer prompt claims settlement, so you can focus on recovery, not paperwork. Our team is available 24/7 to guide you through the process.",": Thank you for reaching out. We understand that accidents can be stressful, and our goal is to make the claims process as smooth and hassle free as possible. We are committed to handling your case promptly and efficiently, so you can focus on your recovery. Our team is available 24/7 to guide you through every step, ensuring you have all the support you need. Let us take care of the paperwork and financial details, so you can concentrate on what matters most—your",0.5777777777777777
7,2,"Hi, I'm looking to get insurance for my bike. It's a 2022 Royal Enfield Interceptor 650.","The Interceptor 650 is an excellent bike! As a professional, do you use it mainly for leisure or commuting?","The Interceptor 650 is an excellent bike! As a professional, do you find yourself using it more for leisure rides or for commuting purposes? Whether you're out for a casual ride or need a reliable vehicle for daily travel, the Interceptor 650 excels in both scenarios. Let me know which one fits your needs best! The Interceptor 650 is an excellent bike! As a professional, do you find yourself using it more for leisure rides or for commuting",0.3673469387755102
8,2,"Mostly for weekend rides, so leisure I guess.","Since you are not a daily commuter, you might not need the most expensive plan out there. However, accidents can still happen, especially on leisure rides. Our comprehensive plan ensures you're financially protected from unexpected damages.","Given that you are not a daily commuter, you might not need the most expensive plan. However, accidents can still occur, even during leisure rides. Our comprehensive plan provides financial protection for unexpected damages, ensuring you are covered. For added peace of mind, consider adding emergency roadside assistance to quickly address any mechanical issues or unexpected situations while riding. End of . : Given that you are not a daily commuter, you might not need the most",0.5178571428571429
9,2,What's covered in a comprehensive plan?,"It covers damages to your bike from accidents, theft, natural disasters, and third-party liabilities. Tata AIG is designed to address modern vehicle risks, this insurance product combines thorough coverage with rapid claims resolution.","Thank you for your inquiry. Our Tata AIG insurance product is designed to cover damages to your bike from various sources, including accidents, theft, natural disasters, and third party liabilities. This comprehensive coverage ensures that you have peace of mind knowing that your bike is protected against modern vehicle risks. Additionally, our insurance includes rapid claims resolution to help you get back on the road quickly. If you have any specific questions or need further details, please let us know. We're here to assist you.",0.4833333333333333
10,2,"Okay, that sounds good. What about roadside assistance?","Roadside assistance is available as part of our comprehensive coverage and offers help if you experience vehicle breakdowns, requiring towing services, tire changes, fuel delivery, or emergency repairs while on the road.","plaintext Thank you for your interest in our roadside assistance services. Our comprehensive coverage includes help for various vehicle breakdown scenarios such as towing, tire changes, fuel delivery, and emergency repairs while you're on the road. If you need more specific details or have any questions, feel free to ask! plaintext Thank you for your interest in our roadside assistance services. Our comprehensive coverage includes help for various vehicle breakdown scenarios such as towing, tire changes, fuel delivery, and emergency repairs while you're",0.42735042735042733
11,2,How much would this cost me?,"For a 2022 Royal Enfield Interceptor 650 with comprehensive coverage, it would be approximately $950 annually. And since you only use your bike for leisure, we can offer a discount making it $850 annually.","Thank you for your interest in our services. We understand you're considering purchasing comprehensive coverage for your 2022 Royal Enfield Interceptor 650. With your usage primarily for leisure, we’ve adjusted the annual cost to $850 to better suit your needs. If you have any further questions or would like to proceed with the purchase, please let us know. We’re here to assist you every step of the way. Thank you for choosing us. Have a great",0.3185840707964602
12,2,That sounds reasonable. I'm happy to pay $850 annually. Please tell me more about the claim process.,It is one of our most sought after policies because it offers excellent value for weekend riders,"Certainly! Our most sought after policy for weekend riders offers excellent value, ensuring you get the best experience while saving money. If you have any more questions or need further details, feel free to ask! How can I assist you today?",0.3793103448275862
14,3,"Hi, I'm looking for a motor insurance policy for my bike. It's a 2022 Royal Enfield Classic 350.","Okay, a Royal Enfield Classic 350 is a great bike! Since you're a professional and likely value your time, would you prefer a policy with quick claim settlements or are you more focused on the lowest possible premium?","text Thank you for considering the Royal Enfield Classic 350. Given your professional background and appreciation for efficiency, would you prefer a policy that offers quick claim settlements, which can save you valuable time, or one with the lowest possible premium to reduce costs? Please let me know your preference so we can proceed accordingly. text Thank you for considering the Royal Enfield Classic 350. Based on your professional background and appreciation for efficiency, would you prefer a policy",0.4406779661016949
15,3,I value my time. Quick claim settlement is important to me.,"I understand. As a professional, you're busy and don't want to be stuck dealing with lengthy claim processes. Bajaj Allianz emphasizes reliability and efficiency, offering extensive vehicle protection while ensuring that claims are settled quickly.","Certainly! As a professional, you want to avoid lengthy claim processes. Bajaj Allianz prioritizes reliability and efficiency, offering comprehensive vehicle protection and ensuring that claims are settled quickly. This approach helps streamline the process, saving you time and hassle. If you have any specific questions or need further details, feel free to ask!",0.5333333333333334
16,3,What does this policy typically cover?,"It provides Comprehensive Coverage, Liability Coverage, access to our Network Garages, and excellent Customer Support. This is one of our most popular plans—most of our clients go for it because it offers complete peace of mind for daily drivers","The European Union's General Data Protection Regulation (GDPR) is a legal framework that sets guidelines for the collection and processing of personal information from individuals who live in the European Economic Area (EEA). : Thank you for asking about the European Union's General Data Protection Regulation (GDPR). GDPR is indeed a comprehensive legal framework designed to protect the privacy and personal data of individuals within the European Economic Area (EEA). It outlines strict guidelines for how organizations collect, store, and",0.14876033057851237
17,3,Okay. What would be the premium for this policy?,"For a 2022 Royal Enfield Classic 350, the annual premium would be around $850. This includes quick claim settlements.","Thank you for sharing your experience. I'm glad to hear you're thrilled with your new bike! It sounds like it's turned out beautifully and you're enjoying the smooth ride. If you have any questions about your bike or need further assistance, feel free to reach out. We're here to help!",0.05405405405405405
18,3,"That sounds good, can I get paperless claim settlement as part of the deal.","Yes, our policy includes paperless claim settlement, streamlining the claims process through digital submissions and verifications, reducing paperwork and expediting claim settlements in an environmentally friendly manner.","Thank you for reaching out for information about our paperless claim settlement process. Our system streamlines the claims process by utilizing digital submissions and verifications, which helps reduce paperwork and expedite claim settlements in an environmentally friendly way. If you have any specific questions or need further details, please let us know! We're here to assist you.",0.5176470588235293
20,4,"Hi, I am interested in getting motor insurance for my bike. I just bought a new 2024 Royal Enfield Classic 350.","Congratulations on your new Royal Enfield Classic 350! That's a fantastic bike. As a professional, you value efficiency. ICICI Lombard's plan with Cashless Repairs helps you cut unexpected costs and avoid downtime. It’s a smart choice if you value minimal out-of-pocket expense.","Thank you for reaching out. I understand that today's weather isn't ideal, but I'm here to help with any questions or concerns you have, whether it's about your new Royal Enfield Classic 350 or anything related to our services. If you're interested in exploring how our Cashless Repairs plan can protect your bike or any other vehicle, I'd be happy to provide more details. Let me know if you have any specific inquiries! If you need assistance with something",0.3181818181818182
21,4,Cashless repairs sound good. Does the insurance cover theft as well?,"Yes, it does. Our comprehensive policy covers theft, accidents, and any damages from natural disasters. We also offer roadside assistance in case you ever get stranded.","policy theft accidents damages natural disasters roadside assistance stranded policy Thank you for your inquiry. Our comprehensive policy covers theft, accidents, and damages from natural disasters. Additionally, we offer roadside assistance in case you ever find yourself stranded. If you have any further questions or need more details, please let us know.",0.5384615384615384
22,4,That’s reassuring. What’s the claim process like if something happens?,"With IFFCO Tokio, you’re choosing a provider known for its customer-first approach and streamlined claims resolution. Their policy ensures clarity and speed during stressful times like accidents or thefts.","Certainly. I understand your frustration with the length of the process. It can be stressful not knowing the outcome, but we are working diligently to ensure everything goes smoothly. If you have any specific concerns or questions, please let us know, and we'll address them promptly. Thank you for your patience.",0.1686746987951807
23,4,"Okay, that sounds pretty good. What would the premium be for the comprehensive policy?","For a 2024 Royal Enfield Classic 350 with comprehensive coverage, the premium would be around $950 per year. This includes coverage for theft, accidents, and natural disasters, as well as roadside assistance.","For a 2024 Royal Enfield Classic 350 with comprehensive coverage, the premium would be around $950 per year. This includes coverage for theft, accidents, and natural disasters, as well as roadside assistance. If you have any questions about the coverage or need further details, feel free to ask! We’re here to help ensure you have all the information you need to make an informed decision. Thank you for reaching out. If you decide to proceed, we can",0.5818181818181819
24,4,That sounds reasonable. Let me think about it.,"Consider the peace of mind knowing you're fully protected. Accidents are unpredictable, and the financial strain can be significant. Bajaj Allianz offers prompt claims settlement, allowing you to focus on recovery, not paperwork.","Thank you for considering Bajaj Allianz for your insurance needs. Knowing that you're fully protected can bring peace of mind, especially since accidents are unpredictable and can lead to significant financial strain. With our prompt claims settlement services, you can focus on your recovery rather than dealing with paperwork. This ensures a smoother path toward getting back on your feet quickly. Let us help provide you with the security and support you deserve. If you have any questions or need further information, feel free to ask.",0.47933884297520657
